/*
 Navicat Premium Data Transfer

 Source Server         : 本机
 Source Server Type    : MySQL
 Source Server Version : 80028
 Source Host           : localhost:3306
 Source Schema         : regiee1

 Target Server Type    : MySQL
 Target Server Version : 80028
 File Encoding         : 65001

 Date: 21/09/2022 08:26:16
*/

SET NAMES utf8mb4;
SET FOREIGN_KEY_CHECKS = 0;

-- ----------------------------
-- Table structure for category
-- ----------------------------
DROP TABLE IF EXISTS `category`;
CREATE TABLE `category`  (
  `id` bigint(0) NOT NULL AUTO_INCREMENT COMMENT '主键',
  `type` int(0) NULL DEFAULT NULL COMMENT '类型   1 菜品分类 2 套餐分类',
  `name` varchar(64) CHARACTER SET utf8 COLLATE utf8_bin NOT NULL COMMENT '分类名称',
  `sort` int(0) NOT NULL DEFAULT 0 COMMENT '顺序',
  `create_time` datetime(0) NOT NULL COMMENT '创建时间',
  `update_time` datetime(0) NOT NULL COMMENT '更新时间',
  `create_user` bigint(0) NOT NULL COMMENT '创建人',
  `update_user` bigint(0) NOT NULL COMMENT '修改人',
  PRIMARY KEY (`id`) USING BTREE,
  UNIQUE INDEX `idx_category_name`(`name`) USING BTREE
) ENGINE = InnoDB AUTO_INCREMENT = 12 CHARACTER SET = utf8 COLLATE = utf8_bin COMMENT = '菜品及套餐分类' ROW_FORMAT = Dynamic;

-- ----------------------------
-- Records of category
-- ----------------------------
INSERT INTO `category` VALUES (1, 1, '粤菜', 3, '2021-05-27 09:17:28', '2021-07-09 14:37:13', 1, 1);
INSERT INTO `category` VALUES (2, 1, '饮品', 12, '2021-07-09 11:36:15', '2022-09-16 19:40:51', 1, 1);
INSERT INTO `category` VALUES (4, 1, '主食', 12, '2021-07-09 14:30:07', '2021-07-09 14:39:19', 1, 1);
INSERT INTO `category` VALUES (5, 2, '儿童套餐', 1, '2022-09-16 19:29:00', '2022-09-16 19:29:02', 1, 1);
INSERT INTO `category` VALUES (6, 1, '川菜', 6, '2022-09-16 13:25:38', '2022-09-16 13:25:38', 1, 1);
INSERT INTO `category` VALUES (7, 2, '超值套餐', 2, '2022-09-16 19:19:56', '2022-09-16 19:19:58', 1, 1);
INSERT INTO `category` VALUES (11, 1, '湘菜', 0, '2022-09-18 09:48:07', '2022-09-18 09:48:07', 1, 1);

-- ----------------------------
-- Table structure for dish
-- ----------------------------
DROP TABLE IF EXISTS `dish`;
CREATE TABLE `dish`  (
  `id` bigint(0) NOT NULL AUTO_INCREMENT COMMENT '主键',
  `name` varchar(64) CHARACTER SET utf8 COLLATE utf8_bin NOT NULL COMMENT '菜品名称',
  `category_id` bigint(0) NOT NULL COMMENT '菜品分类id',
  `price` decimal(10, 2) NULL DEFAULT NULL COMMENT '菜品价格',
  `code` varchar(64) CHARACTER SET utf8 COLLATE utf8_bin NOT NULL COMMENT '商品码',
  `image` varchar(200) CHARACTER SET utf8 COLLATE utf8_bin NOT NULL COMMENT '图片',
  `description` varchar(400) CHARACTER SET utf8 COLLATE utf8_bin NULL DEFAULT NULL COMMENT '描述信息',
  `status` int(0) NOT NULL DEFAULT 1 COMMENT '0 停售 1 起售',
  `sort` int(0) NOT NULL DEFAULT 0 COMMENT '顺序',
  `create_time` datetime(0) NOT NULL COMMENT '创建时间',
  `update_time` datetime(0) NOT NULL COMMENT '更新时间',
  `create_user` bigint(0) NOT NULL COMMENT '创建人',
  `update_user` bigint(0) NOT NULL COMMENT '修改人',
  `is_deleted` int(0) NOT NULL DEFAULT 0 COMMENT '是否删除',
  PRIMARY KEY (`id`) USING BTREE,
  UNIQUE INDEX `idx_dish_name`(`name`) USING BTREE
) ENGINE = InnoDB AUTO_INCREMENT = 31 CHARACTER SET = utf8 COLLATE = utf8_bin COMMENT = '菜品管理' ROW_FORMAT = Dynamic;

-- ----------------------------
-- Records of dish
-- ----------------------------
INSERT INTO `dish` VALUES (1, '辣子鸡', 6, 7800.00, '222222222', 'f966a38e-0780-40be-bb52-5699d13cb3d9.jpg', '来自鲜嫩美味的小鸡，值得一尝', 1, 0, '2021-05-27 09:38:43', '2021-05-27 09:38:43', 1, 1, 0);
INSERT INTO `dish` VALUES (2, '毛氏红烧肉', 6, 6800.00, '123412341234', '0a3b3288-3446-4420-bbff-f263d0c02d8e.jpg', '毛氏红烧肉毛氏红烧肉，确定不来一份？', 1, 0, '2021-05-27 09:40:19', '2021-05-27 09:40:19', 1, 1, 0);
INSERT INTO `dish` VALUES (3, '组庵鱼翅', 6, 4800.00, '123412341234', '740c79ce-af29-41b8-b78d-5f49c96e38c4.jpg', '组庵鱼翅，看图足以表明好吃程度', 1, 0, '2021-05-27 09:41:19', '2021-05-27 09:41:19', 1, 1, 0);
INSERT INTO `dish` VALUES (4, '霸王别姬', 1, 12800.00, '123412341234', '057dd338-e487-4bbc-a74c-0384c44a9ca3.jpg', '还有什么比霸王别姬更美味的呢？', 1, 0, '2021-05-27 09:43:08', '2021-05-27 09:43:08', 1, 1, 0);
INSERT INTO `dish` VALUES (5, '全家福', 1, 11800.00, '23412341234', 'a53a4e6a-3b83-4044-87f9-9d49b30a8fdc.jpg', '别光吃肉啦，来份全家福吧，让你长寿又美味', 1, 0, '2021-05-27 09:44:08', '2021-05-27 09:44:08', 1, 1, 0);
INSERT INTO `dish` VALUES (6, '邵阳猪血丸子', 1, 13800.00, '1246812345678', '2a50628e-7758-4c51-9fbb-d37c61cdacad.jpg', '看，美味不？来嘛来嘛，这才是最爱吖', 1, 0, '2021-05-27 09:45:12', '2021-05-27 09:45:12', 1, 1, 0);
INSERT INTO `dish` VALUES (7, '口味蛇', 1, 16800.00, '1234567812345678', '0f4bd884-dc9c-4cf9-b59e-7d5958fec3dd.jpg', '爬行界的扛把子，东兴-口味蛇，让你欲罢不能', 1, 0, '2021-05-27 09:46:23', '2021-05-27 09:46:23', 1, 1, 0);
INSERT INTO `dish` VALUES (8, '辣子鸡丁', 6, 8800.00, '2346812468', 'ef2b73f2-75d1-4d3a-beea-22da0e1421bd.jpg', '辣子鸡丁，辣子鸡丁，永远的魂', 1, 0, '2021-05-27 09:49:16', '2021-05-27 09:49:16', 1, 1, 0);
INSERT INTO `dish` VALUES (9, '麻辣兔头', 6, 19800.00, '123456787654321', '2a2e9d66-b41d-4645-87bd-95f2cfeed218.jpg', '麻辣兔头的详细制作，麻辣鲜香，色泽红润，回味悠长', 1, 0, '2021-05-27 09:52:24', '2021-05-27 09:52:24', 1, 1, 0);
INSERT INTO `dish` VALUES (10, '蒜泥白肉', 6, 9800.00, '1234321234321', 'd2f61d70-ac85-4529-9b74-6d9a2255c6d7.jpg', '多么的有食欲啊', 1, 0, '2021-05-27 09:54:30', '2021-05-27 09:54:30', 1, 1, 0);
INSERT INTO `dish` VALUES (11, '鱼香肉丝', 6, 3800.00, '1234212321234', '8dcfda14-5712-4d28-82f7-ae905b3c2308.jpg', '鱼香肉丝简直就是我们童年回忆的一道经典菜，上学的时候点个鱼香肉丝盖饭坐在宿舍床上看着肥皂剧，绝了！现在完美复刻一下上学的时候感觉', 1, 0, '2021-05-27 09:55:13', '2021-05-27 09:55:13', 1, 1, 0);
INSERT INTO `dish` VALUES (12, '麻辣水煮鱼', 6, 14800.00, '2345312·345321', '1fdbfbf3-1d86-4b29-a3fc-46345852f2f8.jpg', '鱼片是买的切好的鱼片，放几个虾，增加味道', 1, 0, '2021-05-27 09:58:15', '2021-05-27 09:58:15', 1, 1, 0);
INSERT INTO `dish` VALUES (13, '鱼香炒鸡蛋', 6, 2000.00, '23456431·23456', '0f252364-a561-4e8d-8065-9a6797a6b1d3.jpg', '鱼香菜也是川味的特色。里面没有鱼却鱼香味', 1, 0, '2021-05-27 09:59:06', '2021-05-27 09:59:06', 1, 1, 0);
INSERT INTO `dish` VALUES (14, '脆皮烧鹅', 6, 12800.00, '123456786543213456', 'e476f679-5c15-436b-87fa-8c4e9644bf33.jpeg', '“广东烤鸭美而香，却胜烧鹅说古冈（今新会），燕瘦环肥各佳妙，君休偏重便宜坊”，可见烧鹅与烧鸭在粤菜之中已早负盛名。作为广州最普遍和最受欢迎的烧烤肉食，以它的“色泽金红，皮脆肉嫩，味香可口”的特色，在省城各大街小巷的烧卤店随处可见。', 1, 0, '2021-05-27 10:20:27', '2021-05-27 10:20:27', 1, 1, 0);
INSERT INTO `dish` VALUES (15, '白切鸡', 1, 6600.00, '12345678654', '9ec6fc2d-50d2-422e-b954-de87dcd04198.jpeg', '白切鸡是一道色香味俱全的特色传统名肴，又叫白斩鸡，是粤菜系鸡肴中的一种，始于清代的民间。白切鸡通常选用细骨农家鸡与沙姜、蒜茸等食材，慢火煮浸白切鸡皮爽肉滑，清淡鲜美。著名的泮溪酒家白切鸡，曾获商业部优质产品金鼎奖。湛江白切鸡更是驰名粤港澳。粤菜厨坛中，鸡的菜式有200余款之多，而最为人常食不厌的正是白切鸡，深受食家青睐。', 1, 0, '2021-05-27 10:21:48', '2021-05-27 10:21:48', 1, 1, 0);
INSERT INTO `dish` VALUES (16, '烤乳猪', 1, 38800.00, '213456432123456', '2e96a7e3-affb-438e-b7c3-e1430df425c9.jpeg', '广式烧乳猪主料是小乳猪，辅料是蒜，调料是五香粉、芝麻酱、八角粉等，本菜品主要通过将食材放入炭火中烧烤而成。烤乳猪是广州最著名的特色菜，并且是“满汉全席”中的主打菜肴之一。烤乳猪也是许多年来广东人祭祖的祭品之一，是家家都少不了的应节之物，用乳猪祭完先人后，亲戚们再聚餐食用。', 1, 0, '2021-05-27 10:22:39', '2021-05-27 10:22:39', 1, 1, 0);
INSERT INTO `dish` VALUES (17, '脆皮乳鸽', 1, 10800.00, '1234563212345', '3fabb83a-1c09-4fd9-892b-4ef7457daafa.jpeg', '“脆皮乳鸽”是广东菜中的一道传统名菜，属于粤菜系，具有皮脆肉嫩、色泽红亮、鲜香味美的特点，常吃可使身体强健，清肺顺气。随着菜品制作工艺的不断发展，逐渐形成了熟炸法、生炸法和烤制法三种制作方法。无论那种制作方法，都是在鸽子经过一系列的加工，挂脆皮水后再加工而成，正宗的“脆皮乳鸽皮脆肉嫩、色泽红亮、鲜香味美、香气馥郁。这三种方法的制作过程都不算复杂，但想达到理想的效果并不容易。', 1, 0, '2021-05-27 10:23:19', '2021-05-27 10:23:19', 1, 1, 0);
INSERT INTO `dish` VALUES (18, '清蒸河鲜海鲜', 1, 38800.00, '1234567876543213456', '1405081e-f545-42e1-86a2-f7559ae2e276.jpeg', '新鲜的海鲜，清蒸是最好的处理方式。鲜，体会为什么叫海鲜。清蒸是广州最经典的烹饪手法，过去岭南地区由于峻山大岭阻隔，交通不便，经济发展起步慢，自家打的鱼放在锅里煮了就吃，没有太多的讲究，但却发现这清淡的煮法能使鱼的鲜甜跃然舌尖。', 1, 0, '2021-05-27 10:26:11', '2021-05-27 10:26:11', 1, 1, 0);
INSERT INTO `dish` VALUES (19, '老火靓汤', 1, 49800.00, '123456786532455', '583df4b7-a159-4cfc-9543-4f666120b25f.jpeg', '老火靓汤又称广府汤，是广府人传承数千年的食补养生秘方，慢火煲煮的中华老火靓汤，火候足，时间长，既取药补之效，又取入口之甘甜。 广府老火汤种类繁多，可以用各种汤料和烹调方法，烹制出各种不同口味、不同功效的汤来。', 1, 0, '2021-05-27 10:28:14', '2021-05-27 10:28:14', 1, 1, 0);
INSERT INTO `dish` VALUES (20, '上汤焗龙虾', 1, 108800.00, '1234567865432', '5b8d2da3-3744-4bb3-acdc-329056b8259d.jpeg', '上汤焗龙虾是一道色香味俱全的传统名菜，属于粤菜系。此菜以龙虾为主料，配以高汤制成的一道海鲜美食。本品肉质洁白细嫩，味道鲜美，蛋白质含量高，脂肪含量低，营养丰富。是色香味俱全的传统名菜。', 1, 0, '2021-05-27 10:29:20', '2021-05-27 10:29:20', 1, 1, 0);
INSERT INTO `dish` VALUES (21, '北冰洋', 2, 500.00, '', 'c99e0aab-3cb7-4eaa-80fd-f47d4ffea694.png', '', 1, 0, '2021-07-09 11:39:35', '2021-07-09 15:12:18', 1, 1, 0);
INSERT INTO `dish` VALUES (22, '王老吉', 2, 500.00, '', '00874a5e-0df2-446b-8f69-a30eb7d88ee8.png', '', 1, 0, '2021-07-09 14:29:20', '2021-07-12 09:09:16', 1, 1, 0);
INSERT INTO `dish` VALUES (23, '米饭', 4, 200.00, '', 'ee04a05a-1230-46b6-8ad5-1a95b140fff3.png', '', 1, 0, '2021-07-09 14:31:17', '2021-07-11 16:35:26', 1, 1, 0);
INSERT INTO `dish` VALUES (24, '面条', 4, 1000.00, '', '15e1f8b2-f9c0-4182-8116-77d45c181a71.jpeg', '无', 1, 0, '2022-09-17 15:17:20', '2022-09-17 15:17:20', 1, 1, 0);
INSERT INTO `dish` VALUES (25, '剁椒鱼头', 11, 20000.00, '', '4cf4157b-71c6-4eca-98db-5cfb3e028960.jpg', '经典湖南名菜！', 1, 0, '2022-09-18 10:04:49', '2022-09-19 15:42:41', 1, 1, 0);

-- ----------------------------
-- Table structure for dish_flavor
-- ----------------------------
DROP TABLE IF EXISTS `dish_flavor`;
CREATE TABLE `dish_flavor`  (
  `id` bigint(0) NOT NULL AUTO_INCREMENT COMMENT '主键',
  `dish_id` bigint(0) NOT NULL COMMENT '菜品',
  `name` varchar(64) CHARACTER SET utf8 COLLATE utf8_bin NOT NULL COMMENT '口味名称',
  `value` varchar(500) CHARACTER SET utf8 COLLATE utf8_bin NULL DEFAULT NULL COMMENT '口味数据list',
  `create_time` datetime(0) NOT NULL COMMENT '创建时间',
  `update_time` datetime(0) NOT NULL COMMENT '更新时间',
  `create_user` bigint(0) NOT NULL COMMENT '创建人',
  `update_user` bigint(0) NOT NULL COMMENT '修改人',
  `is_deleted` int(0) NOT NULL DEFAULT 0 COMMENT '是否删除',
  PRIMARY KEY (`id`) USING BTREE
) ENGINE = InnoDB AUTO_INCREMENT = 36 CHARACTER SET = utf8 COLLATE = utf8_bin COMMENT = '菜品口味关系表' ROW_FORMAT = Dynamic;

-- ----------------------------
-- Records of dish_flavor
-- ----------------------------
INSERT INTO `dish_flavor` VALUES (1, 1, '辣度', '[\"不辣\",\"微辣\",\"中辣\",\"重辣\"]', '2021-05-27 09:37:27', '2021-05-27 09:37:27', 1, 1, 0);
INSERT INTO `dish_flavor` VALUES (2, 2, '忌口', '[\"不要葱\",\"不要蒜\",\"不要香菜\",\"不要辣\"]', '2021-05-27 09:38:43', '2021-05-27 09:38:43', 1, 1, 0);
INSERT INTO `dish_flavor` VALUES (3, 3, '辣度', '[\"不辣\",\"微辣\",\"中辣\",\"重辣\"]', '2021-05-27 09:38:43', '2021-05-27 09:38:43', 1, 1, 0);
INSERT INTO `dish_flavor` VALUES (4, 5, '忌口', '[\"不要葱\",\"不要蒜\",\"不要香菜\",\"不要辣\"]', '2021-05-27 09:39:30', '2021-05-27 09:39:30', 1, 1, 0);
INSERT INTO `dish_flavor` VALUES (5, 7, '辣度', '[\"不辣\",\"微辣\",\"中辣\",\"重辣\"]', '2021-05-27 09:39:30', '2021-05-27 09:39:30', 1, 1, 0);
INSERT INTO `dish_flavor` VALUES (6, 6, '忌口', '[\"不要葱\",\"不要蒜\",\"不要香菜\",\"不要辣\"]', '2021-05-27 09:40:19', '2021-05-27 09:40:19', 1, 1, 0);
INSERT INTO `dish_flavor` VALUES (7, 4, '辣度', '[\"不辣\",\"微辣\",\"中辣\",\"重辣\"]', '2021-05-27 09:40:19', '2021-05-27 09:40:19', 1, 1, 0);
INSERT INTO `dish_flavor` VALUES (8, 8, '辣度', '[\"不辣\",\"微辣\",\"中辣\",\"重辣\"]', '2021-05-27 09:41:19', '2021-05-27 09:41:19', 1, 1, 0);
INSERT INTO `dish_flavor` VALUES (9, 9, '辣度', '[\"不辣\",\"微辣\",\"中辣\",\"重辣\"]', '2021-05-27 09:41:19', '2021-05-27 09:41:19', 1, 1, 0);
INSERT INTO `dish_flavor` VALUES (10, 10, '忌口', '[\"不要葱\",\"不要蒜\",\"不要香菜\",\"不要辣\"]', '2021-05-27 09:42:16', '2021-05-27 09:42:16', 1, 1, 0);
INSERT INTO `dish_flavor` VALUES (11, 11, '辣度', '[\"微辣\",\"中辣\",\"重辣\"]', '2021-05-27 09:42:16', '2021-05-27 09:42:16', 1, 1, 0);
INSERT INTO `dish_flavor` VALUES (12, 12, '忌口', '[\"不要蒜\",\"不要香菜\",\"不要辣\"]', '2021-05-27 09:43:08', '2021-05-27 09:43:08', 1, 1, 0);
INSERT INTO `dish_flavor` VALUES (13, 13, '辣度', '[\"不辣\",\"微辣\",\"中辣\",\"重辣\"]', '2021-05-27 09:43:08', '2021-05-27 09:43:08', 1, 1, 0);
INSERT INTO `dish_flavor` VALUES (14, 14, '忌口', '[\"不要葱\",\"不要蒜\",\"不要香菜\",\"不要辣\"]', '2021-05-27 09:44:08', '2021-05-27 09:44:08', 1, 1, 0);
INSERT INTO `dish_flavor` VALUES (15, 15, '辣度', '[\"不辣\",\"微辣\",\"中辣\"]', '2021-05-27 09:44:08', '2021-05-27 09:44:08', 1, 1, 0);
INSERT INTO `dish_flavor` VALUES (16, 16, '温度', '[\"热饮\",\"常温\",\"去冰\",\"少冰\",\"多冰\"]', '2021-05-27 09:45:12', '2021-05-27 09:45:12', 1, 1, 0);
INSERT INTO `dish_flavor` VALUES (17, 17, '忌口', '[\"不要葱\",\"不要蒜\",\"不要香菜\",\"不要辣\"]', '2021-05-27 09:45:12', '2021-05-27 09:45:12', 1, 1, 0);
INSERT INTO `dish_flavor` VALUES (18, 18, '辣度', '[\"不辣\",\"微辣\",\"中辣\",\"重辣\"]', '2021-05-27 09:45:12', '2021-05-27 09:45:12', 1, 1, 0);
INSERT INTO `dish_flavor` VALUES (19, 19, '温度', '[\"热饮\",\"常温\",\"去冰\",\"少冰\",\"多冰\"]', '2021-05-27 09:46:23', '2021-05-27 09:46:23', 1, 1, 0);
INSERT INTO `dish_flavor` VALUES (20, 20, '忌口', '[\"不要葱\",\"不要香菜\",\"不要辣\"]', '2021-05-27 09:49:16', '2021-05-27 09:49:16', 1, 1, 0);
INSERT INTO `dish_flavor` VALUES (21, 21, '辣度', '[\"不辣\",\"微辣\",\"重辣\"]', '2021-05-27 09:49:16', '2021-05-27 09:49:16', 1, 1, 0);
INSERT INTO `dish_flavor` VALUES (22, 22, '辣度', '[\"不辣\",\"微辣\",\"中辣\",\"重辣\"]', '2021-05-27 09:52:24', '2021-05-27 09:52:24', 1, 1, 0);
INSERT INTO `dish_flavor` VALUES (23, 23, '辣度', '[\"不辣\",\"微辣\",\"中辣\",\"重辣\"]', '2021-05-27 09:53:22', '2021-05-27 09:53:22', 1, 1, 0);
INSERT INTO `dish_flavor` VALUES (24, 24, '辣度', '[\"不辣\",\"微辣\",\"中辣\",\"重辣\"]', '2022-09-17 15:17:20', '2022-09-17 15:17:20', 1, 1, 0);
INSERT INTO `dish_flavor` VALUES (25, 24, '忌口', '[\"不要葱\",\"不要蒜\",\"不要香菜\",\"不要辣\"]', '2022-09-17 15:17:20', '2022-09-17 15:17:20', 1, 1, 0);
INSERT INTO `dish_flavor` VALUES (34, 25, '忌口', '[\"不要葱\",\"不要蒜\",\"不要香菜\",\"不要辣\"]', '2022-09-19 15:42:41', '2022-09-19 15:42:41', 1, 1, 0);
INSERT INTO `dish_flavor` VALUES (35, 25, '辣度', '[\"不辣\",\"微辣\",\"中辣\",\"重辣\"]', '2022-09-19 15:42:41', '2022-09-19 15:42:41', 1, 1, 0);

-- ----------------------------
-- Table structure for employee
-- ----------------------------
DROP TABLE IF EXISTS `employee`;
CREATE TABLE `employee`  (
  `id` bigint(0) NOT NULL AUTO_INCREMENT COMMENT '主键',
  `name` varchar(32) CHARACTER SET utf8 COLLATE utf8_bin NOT NULL COMMENT '姓名',
  `username` varchar(32) CHARACTER SET utf8 COLLATE utf8_bin NOT NULL COMMENT '用户名',
  `password` varchar(64) CHARACTER SET utf8 COLLATE utf8_bin NOT NULL COMMENT '密码',
  `phone` varchar(11) CHARACTER SET utf8 COLLATE utf8_bin NOT NULL COMMENT '手机号',
  `sex` varchar(2) CHARACTER SET utf8 COLLATE utf8_bin NOT NULL COMMENT '性别',
  `id_number` varchar(18) CHARACTER SET utf8 COLLATE utf8_bin NOT NULL COMMENT '身份证号',
  `status` int(0) NOT NULL DEFAULT 1 COMMENT '状态 0:禁用，1:正常',
  `create_time` datetime(0) NOT NULL COMMENT '创建时间',
  `update_time` datetime(0) NOT NULL COMMENT '更新时间',
  `create_user` bigint(0) NOT NULL COMMENT '创建人',
  `update_user` bigint(0) NOT NULL COMMENT '修改人',
  PRIMARY KEY (`id`) USING BTREE,
  UNIQUE INDEX `idx_username`(`username`) USING BTREE
) ENGINE = InnoDB AUTO_INCREMENT = 9 CHARACTER SET = utf8 COLLATE = utf8_bin COMMENT = '员工信息' ROW_FORMAT = Dynamic;

-- ----------------------------
-- Records of employee
-- ----------------------------
INSERT INTO `employee` VALUES (1, '管理员', 'admin', '123456', '13812312312', '1', '110101199001010047', 1, '2021-05-06 17:20:07', '2021-05-10 02:24:09', 1, 1);
INSERT INTO `employee` VALUES (2, '李四', 'lee', '123456', '13412345678', '1', '123456789123456789', 1, '2022-09-14 15:51:02', '2022-09-14 15:51:02', 1, 1);
INSERT INTO `employee` VALUES (3, '王五wu', 'wang', '123456', '13412345678', '1', '123456789159753147', 1, '2022-09-14 16:21:07', '2022-09-15 16:19:44', 1, 1);
INSERT INTO `employee` VALUES (4, '张三', 'zhang', '123456', '13457586145', '1', '610423546821685256', 1, '2022-09-15 16:54:12', '2022-09-19 12:16:16', 1, 1);
INSERT INTO `employee` VALUES (5, '夏雨', 'xiay', '123456', '15786542548', '1', '610423894576521114', 1, '2022-09-15 16:59:42', '2022-09-16 12:10:58', 1, 1);
INSERT INTO `employee` VALUES (6, '上官', 'shangguan', '123456', '15784585646', '1', '642157458725468945', 1, '2022-09-16 12:40:14', '2022-09-16 12:41:28', 2, 1);
INSERT INTO `employee` VALUES (8, '金先生', 'Jin', '123456', '14747125544', '1', '874127845968521425', 1, '2022-09-18 09:32:51', '2022-09-21 08:16:50', 1, 1);

-- ----------------------------
-- Table structure for setmeal
-- ----------------------------
DROP TABLE IF EXISTS `setmeal`;
CREATE TABLE `setmeal`  (
  `id` bigint(0) NOT NULL AUTO_INCREMENT COMMENT '主键',
  `category_id` bigint(0) NOT NULL COMMENT '菜品分类id',
  `name` varchar(64) CHARACTER SET utf8 COLLATE utf8_bin NOT NULL COMMENT '套餐名称',
  `price` decimal(10, 2) NOT NULL COMMENT '套餐价格',
  `status` int(0) NULL DEFAULT NULL COMMENT '状态 0:停用 1:启用',
  `code` varchar(32) CHARACTER SET utf8 COLLATE utf8_bin NULL DEFAULT NULL COMMENT '编码',
  `description` varchar(512) CHARACTER SET utf8 COLLATE utf8_bin NULL DEFAULT NULL COMMENT '描述信息',
  `image` varchar(255) CHARACTER SET utf8 COLLATE utf8_bin NULL DEFAULT NULL COMMENT '图片',
  `create_time` datetime(0) NOT NULL COMMENT '创建时间',
  `update_time` datetime(0) NOT NULL COMMENT '更新时间',
  `create_user` bigint(0) NOT NULL COMMENT '创建人',
  `update_user` bigint(0) NOT NULL COMMENT '修改人',
  `is_deleted` int(0) NOT NULL DEFAULT 0 COMMENT '是否删除',
  PRIMARY KEY (`id`) USING BTREE,
  UNIQUE INDEX `idx_setmeal_name`(`name`) USING BTREE
) ENGINE = InnoDB AUTO_INCREMENT = 6 CHARACTER SET = utf8 COLLATE = utf8_bin COMMENT = '套餐' ROW_FORMAT = Dynamic;

-- ----------------------------
-- Records of setmeal
-- ----------------------------
INSERT INTO `setmeal` VALUES (1, 5, '儿童套餐A计划', 4000.00, 1, '', '', '61d20592-b37f-4d72-a864-07ad5bb8f3bb.jpg', '2021-07-15 15:52:55', '2021-07-15 15:52:55', 1, 1, 0);
INSERT INTO `setmeal` VALUES (2, 7, '超值套餐A', 100.00, 1, NULL, NULL, NULL, '2022-09-16 19:13:21', '2022-09-16 19:13:25', 1, 1, 0);
INSERT INTO `setmeal` VALUES (3, 7, '优惠套餐', 20000.00, 1, '', '超值优惠套餐', '26442fc1-8346-473b-abaf-4fe02540ee85.jpg', '2022-09-18 19:17:13', '2022-09-18 19:17:13', 1, 1, 0);
INSERT INTO `setmeal` VALUES (5, 7, '测试2', 30000.00, 1, '', '测试2', '34107a50-dcfb-4bd0-b0fb-3169800602b1.jpg', '2022-09-19 15:53:06', '2022-09-19 15:53:28', 1, 1, 0);

-- ----------------------------
-- Table structure for setmeal_dish
-- ----------------------------
DROP TABLE IF EXISTS `setmeal_dish`;
CREATE TABLE `setmeal_dish`  (
  `id` bigint(0) NOT NULL AUTO_INCREMENT COMMENT '主键',
  `setmeal_id` varchar(32) CHARACTER SET utf8 COLLATE utf8_bin NOT NULL COMMENT '套餐id ',
  `dish_id` varchar(32) CHARACTER SET utf8 COLLATE utf8_bin NOT NULL COMMENT '菜品id',
  `name` varchar(32) CHARACTER SET utf8 COLLATE utf8_bin NULL DEFAULT NULL COMMENT '菜品名称 （冗余字段）',
  `price` decimal(10, 2) NULL DEFAULT NULL COMMENT '菜品原价（冗余字段）',
  `copies` int(0) NOT NULL COMMENT '份数',
  `sort` int(0) NOT NULL DEFAULT 0 COMMENT '排序',
  `create_time` datetime(0) NOT NULL COMMENT '创建时间',
  `update_time` datetime(0) NOT NULL COMMENT '更新时间',
  `create_user` bigint(0) NOT NULL COMMENT '创建人',
  `update_user` bigint(0) NOT NULL COMMENT '修改人',
  `is_deleted` int(0) NOT NULL DEFAULT 0 COMMENT '是否删除',
  PRIMARY KEY (`id`) USING BTREE
) ENGINE = InnoDB AUTO_INCREMENT = 1415580119069671439 CHARACTER SET = utf8 COLLATE = utf8_bin COMMENT = '套餐菜品关系' ROW_FORMAT = Dynamic;

-- ----------------------------
-- Records of setmeal_dish
-- ----------------------------
INSERT INTO `setmeal_dish` VALUES (1, '2', '19', '老火靓汤', 49800.00, 1, 0, '2021-07-15 15:52:55', '2021-07-15 15:52:55', 1, 1, 0);
INSERT INTO `setmeal_dish` VALUES (2, '2', '21', '北冰洋', 500.00, 1, 0, '2021-07-15 15:52:55', '2021-07-15 15:52:55', 1, 1, 0);
INSERT INTO `setmeal_dish` VALUES (3, '2', '23', '米饭', 200.00, 1, 0, '2021-07-15 15:52:55', '2021-07-15 15:52:55', 1, 1, 0);
INSERT INTO `setmeal_dish` VALUES (4, '3', '25', '剁椒鱼头', 15000.00, 1, 0, '2022-09-18 19:17:13', '2022-09-18 19:17:13', 1, 1, 0);
INSERT INTO `setmeal_dish` VALUES (5, '3', '22', '王老吉', 500.00, 1, 0, '2022-09-18 19:17:13', '2022-09-18 19:17:13', 1, 1, 0);
INSERT INTO `setmeal_dish` VALUES (6, '3', '24', '面条', 1000.00, 1, 0, '2022-09-18 19:17:13', '2022-09-18 19:17:13', 1, 1, 0);
INSERT INTO `setmeal_dish` VALUES (1415580119069671436, '5', '16', '烤乳猪', 38800.00, 2, 0, '2022-09-19 15:53:29', '2022-09-19 15:53:29', 1, 1, 0);
INSERT INTO `setmeal_dish` VALUES (1415580119069671437, '5', '13', '鱼香炒鸡蛋', 2000.00, 2, 0, '2022-09-19 15:53:29', '2022-09-19 15:53:29', 1, 1, 0);
INSERT INTO `setmeal_dish` VALUES (1415580119069671438, '5', '22', '王老吉', 500.00, 2, 0, '2022-09-19 15:53:29', '2022-09-19 15:53:29', 1, 1, 0);

SET FOREIGN_KEY_CHECKS = 1;
